"ID de la réponse","Date de soumission","Dernière page","Langue de départ","Quel est votre statut?   ","Sexe?","Avez vous déjà étudié/enseigné dans une salle équipée de capteurs ?","Etes vous favorable à l’usage des IoT sur le campus et la vie quotienne en général?","Globalement, quelles émotions les technologies IoT (villes intelligentes, bâtiments intelligents, objets connectés, etc.) vous évoquent-elles  ?","Justifier votre réponse aux questions précédentes  par un texte de maximum 280 caractères qui met en avant vos sentiments/émotions sur l'usage des dispositifs IoT dans la vie quotidienne."
"1","1980-01-01 00:00:00","6","fr","Personnel","Féminin","Oui","Oui","Plaisir (Plaisir / divertissement / joie /euphorie / bonheur /extase)","c'est d'abord un sentiment de curiosité, d'étude. Evaluer si ces capteurs sont utiles ou non ."
"2","1980-01-01 00:00:00","6","fr","Etudiant","Masculin","Oui","Oui","Ennui","Ils sont présents, ne me gênent pas plus que ça; je ne peux rien y faire donc bon...."
"3","","0","fr","Autre","N/A","N/A","N/A","",""
"4","","3","fr","Etudiant","Masculin","Oui","N/A","",""
"5","","5","fr","Etudiant","Masculin","Non","Non","Tristesse (Tristesse / chagrin / souffrance / désespoir / résignation)",""
"6","1980-01-01 00:00:00","6","fr","Personnel","Féminin","Oui","Oui","Aucune","L'IoT devrait permettre d'aider les gens dans leur vie quotidienne pour améliorer leur confort tout en étant respectueux de l'environnement et d'aider les gestionnaires de villes et de campus a mieux gérer leurS ressources"
"7","","5","fr","Personnel","Masculin","Non","Oui","Aucune",""
"8","1980-01-01 00:00:00","6","fr","Personnel","Masculin","Non","Oui","Aucune","Le respect absolu de la vie est un préalable nécessaire (pas suffisant) à l'acceptation de l'IoT
Cela doit améliorer le bien-être et favoriser l'éco-cotoyenneté"
"9","","5","fr","Personnel","Masculin","Non","Non","",""
"10","","5","fr","Autre","Masculin","Oui","Oui","Plaisir (Plaisir / divertissement / joie /euphorie / bonheur /extase)",""
"11","1980-01-01 00:00:00","6","fr","Personnel","Masculin","Non","Oui","Plaisir (Plaisir / divertissement / joie /euphorie / bonheur /extase)","Dans la mesure ou sur la base d'une analyse en ACV, le système est plus performant, j'y vois un avantage. Cependant, les systèmes intelligents risquent d'une part de rendre plus dépendant les utilisateurs et un comportement moins intelligent."
"13","1980-01-01 00:00:00","6","fr","Personnel","Féminin","Non","Oui","Apaisement (Optimisme/Apaisement / soulagement / reconnaissance / pardon / sérénité)","L'IoT dans la vie quotidienne me permet de ressentir une certaine forme de contrôle sur les choses, ce qui est apaisant, serein. "
"14","1980-01-01 00:00:00","6","fr","Personnel","Féminin","Non","Oui","Peur (Peur / terreur / inquiétude / anxiété)","Je suis intéressée par les bénéfices que peuvent apporter les dispositifs IoT, mais également inquiète de ce qui pourrait en être tiré s'ils sont détournés de leur objectif primaire."
"15","","0","fr","Autre","N/A","N/A","N/A","",""
"16","1980-01-01 00:00:00","6","fr","Personnel","Masculin","Oui","Oui","Aucune","xxxxxx"
"17","1980-01-01 00:00:00","6","fr","Personnel","Masculin","Oui","Oui","Aucune","Je ne pense pas avoir une vision sentimentale/émotionnelle vis-à-vis de l'IoT.
Je pense que comme toute technologie elle peut être utilisée à bon escient, ou non ; tout dépend de l'usage qui est fait des données ainsi collectées."
"18","1980-01-01 00:00:00","6","fr","Personnel","Masculin","Oui","Oui","Apaisement (Optimisme/Apaisement / soulagement / reconnaissance / pardon / sérénité)","L’Internet des Objets réconcilie le monde numérique et virtuel crée par les réseaux informatique et les applications mobiles avec le monde physique. "
"19","1980-01-01 00:00:00","6","fr","Personnel","Masculin","Oui","Oui","Apaisement (Optimisme/Apaisement / soulagement / reconnaissance / pardon / sérénité)","Projette dans le futur, laisse imaginer toutes les améliorations possibles pour les usagers et pour la planète."
"20","","5","fr","Etudiant","Masculin","Non","Oui","",""
"21","1980-01-01 00:00:00","6","fr","Personnel","Masculin","Non","Oui","Plaisir (Plaisir / divertissement / joie /euphorie / bonheur /extase)","J'aime la modernité. "
"22","1980-01-01 00:00:00","6","fr","Personnel","Masculin","Oui","Oui","Apaisement (Optimisme/Apaisement / soulagement / reconnaissance / pardon / sérénité)","Je pense que l'usage des dispositifs IoT dans la vie quotidienne permet une plus grande sérénité que ce soit pour l'écologie et la sécurité."
"23","","5","fr","Personnel","Féminin","Non","Non","Mépris (Mépris / dédain / dégoût / haine/déplaisir/ déception/pessimisme)",""
"24","","4","fr","Etudiant","Masculin","Oui","Oui","",""
"25","","5","fr","Personnel","Féminin","Non","Oui","Surprise (Surprise / étonnement)",""
"26","","2","fr","Personnel","Masculin","N/A","N/A","",""
"27","1980-01-01 00:00:00","6","fr","Personnel","Masculin","Non","Oui","Plaisir (Plaisir / divertissement / joie /euphorie / bonheur /extase)","l'IoT nous permettra d'adopter un comportement plus écocitoyen, avec un peu de compétition, pour campus plus vert. "
"28","1980-01-01 00:00:00","6","fr","Personnel","Masculin","Non","Non","Ennui","."
"30","1980-01-01 00:00:00","6","fr","Personnel","Féminin","Non","Oui","Aucune","Cela ne m'évoque aucun sentiment particulier."
"31","","5","fr","Personnel","Masculin","Non","Oui","",""
"32","1980-01-01 00:00:00","6","fr","Personnel","Masculin","Non","Oui","Aucune","La question précédente était vraiment bizarre."
"34","1980-01-01 00:00:00","6","fr","Etudiant","Masculin","Non","Non","Peur (Peur / terreur / inquiétude / anxiété)","https://www.youtube.com/watch?v=ow_tQQzukfQ

https://www.youtube.com/watch?v=Q2yb6dyrsh0"
"35","","0","fr","Autre","N/A","N/A","N/A","",""
"36","1980-01-01 00:00:00","6","fr","Personnel","Masculin","Non","Non","Mépris (Mépris / dédain / dégoût / haine/déplaisir/ déception/pessimisme)","Dans sa majorité l'IoT apporte des solutions gadget à des besoins fictifs ou irréels. Or l'IoT, comme toute solution de IT, est polluante et énergivore : il faut les construire, les alimenter et les remplacer. Aujourd'hui plus que jamais nous devons faire très attention à notre mode de vie et notre consommation. L'IoT n'est pas compatible avec les problèmes de pollution que nous faisons subir à notre planète !
"
"37","1980-01-01 00:00:00","6","fr","Personnel","Féminin","Non","Oui","Peur (Peur / terreur / inquiétude / anxiété)","..."
"38","","5","fr","Etudiant","Masculin","Oui","Oui","Amour (Amour / tendresse / affection / dévouement / passion / envie / désir)",""
"39","1980-01-01 00:00:00","6","fr","Autre","Masculin","Non","Oui","Plaisir (Plaisir / divertissement / joie /euphorie / bonheur /extase)","En fait c'est sans doute plutôt de la curiosité pour voir ce que l'on peut faire avec et ce qu'ils peuvent nous apporter ... mais c'est un a priori positif dans tous les cas."
"40","","0","fr","Autre","N/A","N/A","N/A","",""
"41","","4","fr","Personnel","Masculin","Non","Oui","",""
"42","1980-01-01 00:00:00","6","fr","Personnel","Masculin","Non","Oui","Apaisement (Optimisme/Apaisement / soulagement / reconnaissance / pardon / sérénité)","pour les personnes en situations de handicaps c'est bien !"
"43","1980-01-01 00:00:00","6","fr","Personnel","Féminin","Non","Oui","Aucune","Les dispositifs de type IoT sont déjà autour de nous sous diverse forme.
Il nous appartient à chacun d'en faire une aide essentielle à notre vie quotidienne tout en étant très vigilant sur l'utilisation des données engendrée en terme de confidentialité et étique."
"44","1980-01-01 00:00:00","6","fr","Etudiant","Féminin","Non","Non","Apaisement (Optimisme/Apaisement / soulagement / reconnaissance / pardon / sérénité)","L'avenir avec les Iot sera meilleur car ils vont permettre plus de confort pour les étudiants et enseignements et moins de charges pour les universités et plus d'économie en énergie."
"45","1980-01-01 00:00:00","6","fr","Autre","Féminin","Non","Oui","Surprise (Surprise / étonnement)","Je pense que l'utilisation de cette technologie va nous faciliter les choses et nous permettent de gagner notre temps pour le réserver à autres choses . "
"46","1980-01-01 00:00:00","6","fr","Personnel","Féminin","Non","Non","Plaisir (Plaisir / divertissement / joie /euphorie / bonheur /extase)","E"
"47","1980-01-01 00:00:00","6","fr","Etudiant","Féminin","Non","Oui","Apaisement (Optimisme/Apaisement / soulagement / reconnaissance / pardon / sérénité)"," "
"48","1980-01-01 00:00:00","6","fr","Etudiant","Féminin","Non","Oui","Surprise (Surprise / étonnement)","En général je suis surprise par l'utilisation de ces composants parfois je me sens trop satisfaite psq c'est intelligent et ça facilite l'existence parfois je sens que c abusé"
"49","1980-01-01 00:00:00","6","fr","Etudiant","Féminin","Oui","Oui","Apaisement (Optimisme/Apaisement / soulagement / reconnaissance / pardon / sérénité)","De nos jours, les technologies les plus couramment utilisées peuvent se connecter à Internet. Les actifs peuvent alors fournir des données toujours plus nombreuses et plus riches et ouvrir ainsi la voie à de nouvelles perspectives et opportunités commerciales"
"50","1980-01-01 00:00:00","6","fr","Autre","Féminin","Non","Oui","Apaisement (Optimisme/Apaisement / soulagement / reconnaissance / pardon / sérénité)","L'usage de l'IoT dans le quotidien me rend optimiste parce que l'IoT'il utilise des prédictions qui peuvent aider à réduire les accidents et à sauver des vies. Les technologies portables peuvent aider à réduire les coûts et à améliorer la sécurité et la qualité des soins prodigués aux patients.
L'IoT nous offrira une eau plus propres, réduira le gaspillage alimentaire, nous aurons des villes plus intelligentes et une agriculture plus intelligente. Cela nous donnera simplement une vie plus intelligente et donc une vie meilleure."
"51","1980-01-01 00:00:00","6","fr","Personnel","Masculin","Non","Oui","Plaisir (Plaisir / divertissement / joie /euphorie / bonheur /extase)","C’est bien de faciliter la vie des gens "
"52","1980-01-01 00:00:00","6","fr","Etudiant","Masculin","Oui","Oui","Plaisir (Plaisir / divertissement / joie /euphorie / bonheur /extase)","Ça me rend toujour heureux de voir l’impact positif de l’avancement technologique sur notre vie "
"53","1980-01-01 00:00:00","6","fr","Etudiant","Féminin","Non","Oui","Plaisir (Plaisir / divertissement / joie /euphorie / bonheur /extase)","ça va facilter notre vie "
"54","1980-01-01 00:00:00","6","fr","Etudiant","Masculin","Non","Oui","Aucune","I don't have feeling"
"55","1980-01-01 00:00:00","6","fr","Etudiant","Féminin","Oui","Oui","Ennui","trop de technologie me fait sentif que mon espace est plein de négativité ou de champs négatif"
"56","1980-01-01 00:00:00","6","fr","Etudiant","Masculin","Non","Oui","Surprise (Surprise / étonnement)"," "
"57","1980-01-01 00:00:00","6","fr","Etudiant","Féminin","Non","Oui","Peur (Peur / terreur / inquiétude / anxiété)","."
"58","","0","fr","Autre","N/A","N/A","N/A","",""
"59","1980-01-01 00:00:00","6","fr","Etudiant","Masculin","Non","Oui","Plaisir (Plaisir / divertissement / joie /euphorie / bonheur /extase)","L'utilisation des IoT dans les campus universitaires pourrait grandement augmenter la productivité des enseignants et celle des étudiants du moment que toutes les ""tâches"" habituelles qui prennen5un certain temps à être accomplies ne seront plus de notre ressort, cela nous offre aussi une certaine vision euphorique d'une ville futuriste comme on a l'habitude d'en voir dans les films de science-fiction  (Star Wars,..etc.) or cela doit quand même nous laisser perplexes vis-à-vis des désavantages, ormis les données des utilisateurs qui seront ""dévoilées"" pour l'évolution de ces appareils, on devra réfléchir à comment diminuer les risques d'une telle technologie. "
"60","1980-01-01 00:00:00","6","fr","Personnel","Féminin","Oui","Oui","Aucune","""Aucune"" car un peu de tout : peur (surveillance, flicage...), colère (ça marche jamais), joie (ça pourrait faire des trucs bien), curiosité (on pourrait faire des trucs bien), enthousiasme (modernité), etc."
"61","","4","fr","Etudiant","Féminin","Non","Non","",""
"62","1980-01-01 00:00:00","6","fr","Personnel","Masculin","Non","Oui","","Les catégories proposées ne correspondent pas à ce que représentent pour moi les IoT et les nouvelles technologies. Je considère que ce sujet suscite de l'intérêt d'une part du point de vue scientifique et d'autre part de ce qu'elles peuvent apporter au niveau individuel et collectif. En contrepartie, leur essor soulève plutôt des questions/inquiétudes sur des questions qui relèvent de la privacité, de notre dépendance, de leur impact environnemental."
"63","1980-01-01 00:00:00","6","fr","Etudiant","Masculin","Oui","Oui","Plaisir (Plaisir / divertissement / joie /euphorie / bonheur /extase)","L'utilisation des objets connectés facilitent énormément notre vie et nous offrent la possibilité de mieux gérer, manipuler et surveiller nos tâches et habitudes aux quotidient."
"64","","2","fr","Etudiant","Masculin","N/A","N/A","",""
"65","","5","fr","Etudiant","Masculin","Non","Oui","Amour (Amour / tendresse / affection / dévouement / passion / envie / désir)",""
"66","","0","fr","Autre","N/A","N/A","N/A","",""
"67","1980-01-01 00:00:00","6","fr","Etudiant","Masculin","Oui","Oui","Plaisir (Plaisir / divertissement / joie /euphorie / bonheur /extase)","Je me considère comme quelqu'un de très ""connecté"" et passionné de nouvelles technologies. C'est donc un plaisir d'en découvrir plus chaque jour dans notre quotidien, surtout si ces dispositifs IOT permettent de faire des économies d'énergie/ d'argent. Nous en avons besoin ! C'est une évolution naturelle de notre société."
"68","1980-01-01 00:00:00","6","fr","Etudiant","Masculin","Oui","Oui","Plaisir (Plaisir / divertissement / joie /euphorie / bonheur /extase)","Avoir la possibilité de contrôler les différents appareils entre eux m'amuse."
"69","","5","fr","Etudiant","Masculin","Non","Oui","Plaisir (Plaisir / divertissement / joie /euphorie / bonheur /extase)",""
"70","1980-01-01 00:00:00","6","fr","Etudiant","Masculin","Oui","Oui","Aucune","L'IoT est pour moi un secteur pouvant amener de grande choses, permettant de grandes économies en temps mais aussi en matière d’énergie avec des systèmes plus fin qu’actuellement (chauffage,éclairage), en cela son développent me réjoui. J'ai aussi peur de voir les système de l'IoT retourné par contre leur utilisateurs (espionnage) ou les rendant esclave de ceci. Comme pour toute technologie ce qui compte c'est ce que nous humains en ferons       "
"71","","5","fr","Etudiant","Masculin","Oui","Oui","Plaisir (Plaisir / divertissement / joie /euphorie / bonheur /extase)",""
"72","1980-01-01 00:00:00","6","fr","Etudiant","Masculin","Non","Oui","Aucune","Je n'ai jamais été dans une salle avec des capteurs, le seul sentiment que pourrait évoquer chez moi un dispositif IoT serait de la curiosité. Je ne suis pas triste ou content d'utiliser des objets connectés, je veux juste comprendre comment le système fonctionne et dans quel but il est utilisé. Le reste me rend totalement indifférent."
"73","1980-01-01 00:00:00","6","fr","Etudiant","Masculin","Non","Oui","Colère (Colère / rage / agacement / exaspération / énervement / impatience)","Les IoT sont souvent utilisé pour complexifier une situation qui marchait très bien sans eux. Les IoT rendent le matériel dépendant du réseau et permettent de créer une intelligence statistique."
"75","1980-01-01 00:00:00","6","fr","Etudiant","Masculin","Oui","Oui","Apaisement (Optimisme/Apaisement / soulagement / reconnaissance / pardon / sérénité)","L'utilisation de ces technologies permettent selon moi de se libérer, de pousser le côté flemmard jusqu'au bout, mais aussi d'être moins sous pression s'il y a des trucs que l'on ne doit pas oublier par exemple"
"76","1980-01-01 00:00:00","6","fr","Etudiant","Masculin","Oui","Oui","Amour (Amour / tendresse / affection / dévouement / passion / envie / désir)","c'est le turfu"
"77","","0","fr","Autre","N/A","N/A","N/A","",""
"78","","3","fr","Etudiant","Masculin","Non","N/A","",""
"79","","5","fr","Etudiant","Féminin","Non","Non","Amour (Amour / tendresse / affection / dévouement / passion / envie / désir)",""
"80","","5","fr","Etudiant","Féminin","Non","Oui","Aucune",""
"81","1980-01-01 00:00:00","6","fr","Etudiant","Masculin","Non","Oui","Surprise (Surprise / étonnement)","Solutionq innovantes qui facilitent les tâches "
"82","","5","fr","Etudiant","Féminin","Oui","Oui","Amour (Amour / tendresse / affection / dévouement / passion / envie / désir)",""
"83","","3","fr","Etudiant","Masculin","Oui","N/A","",""
"84","","3","fr","Etudiant","Féminin","Non","N/A","",""
"85","","5","fr","Etudiant","Féminin","Non","Oui","Apaisement (Optimisme/Apaisement / soulagement / reconnaissance / pardon / sérénité)",""
"86","1980-01-01 00:00:00","6","fr","Etudiant","Masculin","Non","Oui","Amour (Amour / tendresse / affection / dévouement / passion / envie / désir)","j'aime tous ce qui est new tech et smart , utilisation des technologie pour construire le futur."
"87","1980-01-01 00:00:00","6","fr","Etudiant","Masculin","Non","Oui","Peur (Peur / terreur / inquiétude / anxiété)","Nous serons de plus en plus surveillés et de moins en moins privés c'est dire que la technologie qui est vraiment partout me fait un peu flipper."
"88","","5","fr","Etudiant","Féminin","Non","Oui","",""
"89","1980-01-01 00:00:00","6","fr","Etudiant","Féminin","Non","Oui","Plaisir (Plaisir / divertissement / joie /euphorie / bonheur /extase)","tout usage de la technologie est favorable pour moi."
"90","1980-01-01 00:00:00","6","fr","Etudiant","Masculin","Non","Oui","Apaisement (Optimisme/Apaisement / soulagement / reconnaissance / pardon / sérénité)","Je pense bien que sa améliore beaucoup  la vie quotidienne en la rendant plus intelligente donc parfois on est surpris et plus exactement je dirais impressionnés par leurs avantages et de se qu'ils peuvent faire  "
"91","","5","fr","Etudiant","Masculin","Non","Oui","Apaisement (Optimisme/Apaisement / soulagement / reconnaissance / pardon / sérénité)",""
"92","1980-01-01 00:00:00","6","fr","Etudiant","Masculin","Non","Oui","Peur (Peur / terreur / inquiétude / anxiété)","N/a"
"93","","5","fr","Etudiant","Masculin","Non","Oui","Apaisement (Optimisme/Apaisement / soulagement / reconnaissance / pardon / sérénité)",""
"94","1980-01-01 00:00:00","6","fr","Etudiant","Masculin","Non","Oui","Peur (Peur / terreur / inquiétude / anxiété)"," "
"95","","5","fr","Etudiant","Masculin","Non","Oui","Plaisir (Plaisir / divertissement / joie /euphorie / bonheur /extase)",""
"96","1980-01-01 00:00:00","6","fr","Etudiant","Féminin","Non","Oui","Plaisir (Plaisir / divertissement / joie /euphorie / bonheur /extase)","car ils facilitent la vie , et on a l'impression qu'on vit dans le futur "
"97","1980-01-01 00:00:00","6","fr","Etudiant","Masculin","Non","Oui","Plaisir (Plaisir / divertissement / joie /euphorie / bonheur /extase)"," "
"98","","5","fr","Etudiant","Masculin","Non","Oui","Surprise (Surprise / étonnement)",""
"99","","5","fr","Etudiant","Masculin","Non","Oui","Aucune",""
"100","1980-01-01 00:00:00","6","fr","Etudiant","Masculin","Non","Oui","Apaisement (Optimisme/Apaisement / soulagement / reconnaissance / pardon / sérénité)","trés bien"
"101","1980-01-01 00:00:00","6","fr","Etudiant","Féminin","Non","Oui","Plaisir (Plaisir / divertissement / joie /euphorie / bonheur /extase)","les capteurs facilitent la vie"
"102","","5","fr","Etudiant","Masculin","Non","Oui","Plaisir (Plaisir / divertissement / joie /euphorie / bonheur /extase)",""
"103","1980-01-01 00:00:00","6","fr","Etudiant","Féminin","Oui","Oui","Surprise (Surprise / étonnement)","c'est fou on est trop fort"
"104","1980-01-01 00:00:00","6","fr","Etudiant","Féminin","Non","Oui","Plaisir (Plaisir / divertissement / joie /euphorie / bonheur /extase)","l'usage de l'IoT facilite énormément les tâches quotidiennes et a un grand potentiel par rapport à l'exploitation optimale des données collectées, cependant on peut être méfiant vis à vis des risques de sécurité que ça pose, surtout sur la confidentialité des données."
"105","1980-01-01 00:00:00","6","fr","Etudiant","Masculin","Oui","Oui","Plaisir (Plaisir / divertissement / joie /euphorie / bonheur /extase)","Cela permet d'optimiser les traitements, donc c'est positif."
"106","1980-01-01 00:00:00","6","fr","Etudiant","Féminin","Non","Oui","Plaisir (Plaisir / divertissement / joie /euphorie / bonheur /extase)","C'est intéressant"
"107","1980-01-01 00:00:00","6","fr","Etudiant","Masculin","Non","Oui","Amour (Amour / tendresse / affection / dévouement / passion / envie / désir)","Je pense que cela peut améliorer la vie quotidienne de tout un chacun."
"108","","5","fr","Etudiant","Masculin","Non","Oui","Surprise (Surprise / étonnement)",""
"109","","4","fr","Autre","Masculin","Non","Non","",""
"111","","1","fr","Autre","N/A","N/A","N/A","",""
"112","","5","fr","Personnel","Masculin","Non","Oui","Apaisement (Optimisme/Apaisement / soulagement / reconnaissance / pardon / sérénité)",""
"113","1980-01-01 00:00:00","1","fr","Etudiant","Masculin","Non","Oui","Apaisement (Optimisme/Apaisement / soulagement / reconnaissance / pardon / sérénité)","Avec les IoT dans les bâtiments intelligent, nous sens plus de confort et de facilité de la vie quotidienne "
"114","","1","fr","Autre","N/A","N/A","N/A","",""
"115","","1","fr","Autre","N/A","N/A","N/A","",""
"116","","1","fr","Autre","N/A","N/A","N/A","",""
"117","","1","fr","Autre","N/A","N/A","N/A","",""
"118","","1","fr","Autre","N/A","N/A","N/A","",""
"119","","1","fr","Autre","N/A","N/A","N/A","",""
"120","","1","fr","Autre","N/A","N/A","N/A","",""
"121","","1","fr","Autre","N/A","N/A","N/A","",""
"122","1980-01-01 00:00:00","1","fr","Personnel","Masculin","Non","Non","Ennui","pourquoi des capteurs ? 
encore des questions au sujet de l'utilisté de sdonnées collectées.
pourquoi investir la dedans plutot que dans du materiel pédagogique, des salles de qualité, du personnel"
"123","1980-01-01 00:00:00","1","fr","Personnel","Féminin","Non","Oui","Aucune","On ne peut pas être aussi catégorique (blanc/noir). Les usages qui sont fait des informations captées font partie  du ressenti que l'on peut avoir. 
On peut être rassuré si c'est pour des questions de sécurité et d'amélioration du cadre de vie et inquiet si c'est de la surveillance ou que l'usage qui en est fait peut être détourné. "
"124","1980-01-01 00:00:00","1","fr","Etudiant","Masculin","Non","Oui","Plaisir (Plaisir / divertissement / joie /euphorie / bonheur /extase)","L'utilisation des capteurs ou des objets connectés en général peut apporter du confort et du plaisir à la personne comme par exemple : commander les lumière automatiquement, commander a distance la télé la radio ..etc."
"125","","1","fr","Autre","N/A","N/A","N/A","",""
"126","","1","fr","Autre","N/A","N/A","N/A","",""
"127","1980-01-01 00:00:00","1","fr","Personnel","Féminin","Non","Oui","","Ma réponse à la questio précédente n'est pas dans la liste : Je dirai que l'IoT m'évoque de la curiosité et de l'espoir pour limiter le gaspillage d'énergie, tout en gagnant en information sur noter environnement 
"
"128","","1","fr","Autre","N/A","N/A","N/A","",""
"130","","1","fr","Autre","N/A","N/A","N/A","",""
"131","","1","fr","Autre","N/A","N/A","N/A","",""
"132","","1","fr","Autre","N/A","N/A","N/A","",""
"133","","1","fr","Autre","N/A","N/A","N/A","",""
"134","","1","fr","Autre","N/A","N/A","N/A","",""
"135","1980-01-01 00:00:00","1","fr","Etudiant","Masculin","Non","Oui","Plaisir (Plaisir / divertissement / joie /euphorie / bonheur /extase)","Je trouve que l'usage de de dispositifs IoT dans la vie quotidienne, et particulièrement sur les campus est tout d'abord bénéfique pour les étudiants, enseignats, administration, ... (chaque dispositif à sa manière).
En plus, être entouré de dispositifs technologiques tels que les objets IoT ne fait que renforcer l'intérêt des étudiants pour cette avancée technologique."
"136","","1","fr","Autre","N/A","N/A","N/A","",""
"137","","1","fr","Autre","N/A","N/A","N/A","",""
"138","","1","fr","Autre","N/A","N/A","N/A","",""
"139","","1","fr","Autre","N/A","N/A","N/A","",""
"140","","1","fr","Autre","N/A","N/A","N/A","",""
"141","1980-01-01 00:00:00","1","fr","Etudiant","Masculin","Non","Oui","Apaisement (Optimisme/Apaisement / soulagement / reconnaissance / pardon / sérénité)","Nous voulons bien sûr avoir des villes intelligentes nous permettant d'y vivre en sécurité et les plus confortables moyens. Cela n'est possible qu'avec l'IoT. cet aspect de connectivité rendra la circulation de l'information plus fluide, et donc meilleure gestion de l'information."
"142","","1","fr","Autre","N/A","N/A","N/A","",""
"143","1980-01-01 00:00:00","1","fr","Etudiant","Masculin","Oui","Oui","Surprise (Surprise / étonnement)","c'est surprenant les avances de la technologie et ses applications"
"145","","1","fr","Autre","N/A","N/A","N/A","",""
"146","","1","fr","Autre","N/A","N/A","N/A","",""
"147","","1","fr","Autre","N/A","N/A","N/A","",""
"148","","1","fr","Autre","N/A","N/A","N/A","",""
"149","","1","fr","Autre","N/A","N/A","N/A","",""
"150","","1","fr","Autre","N/A","N/A","N/A","",""
"151","","1","fr","Autre","N/A","N/A","N/A","",""
"152","1980-01-01 00:00:00","1","fr","Personnel","Masculin","Oui","Oui","","En tant que statisticien et informaticien, je ne peux trouver que bien dans ça car c'est pour mieux comprendre des fois, mieux sécuriser parfois"
"153","","1","fr","Autre","N/A","N/A","N/A","",""
"154","","1","fr","Autre","N/A","N/A","N/A","",""
"155","","1","fr","Autre","N/A","N/A","N/A","",""
"156","1980-01-01 00:00:00","1","fr","Etudiant","Masculin","Non","Oui","Peur (Peur / terreur / inquiétude / anxiété)","je suis d abord pour l avancement des technologies e je suis fan de cela m avec le cyber piratage de nos jours je crains fortement en nos dossiers personnels "
"157","","1","fr","Autre","N/A","N/A","N/A","",""
"158","","1","fr","Autre","N/A","N/A","N/A","",""
"159","1980-01-01 00:00:00","1","fr","Etudiant","Masculin","Non","Oui","Plaisir (Plaisir / divertissement / joie /euphorie / bonheur /extase)","Sympa et tres futuristique comme projet"
"160","","1","fr","Autre","N/A","N/A","N/A","",""
"161","","1","fr","Autre","N/A","N/A","N/A","",""
"162","1980-01-01 00:00:00","1","fr","Etudiant","Féminin","Non","Oui","Surprise (Surprise / étonnement)","C'est agréable de voir la technologie qui améliore les conditions de vie des citoyens"
"163","","1","fr","Autre","N/A","N/A","N/A","",""
"164","","1","fr","Autre","N/A","N/A","N/A","",""
"165","","1","fr","Autre","N/A","N/A","N/A","",""
"166","","1","fr","Autre","N/A","N/A","N/A","",""
"167","1980-01-01 00:00:00","1","fr","Autre","Féminin","Non","Oui","Plaisir (Plaisir / divertissement / joie /euphorie / bonheur /extase)","Ces nouvelles technologies nous permettent de en quelque sorte s assurer de jours meilleurs sur notre belle planète en la préservant. Il est indispensable que la transition écologique se passe même dans nos milieux scolaires pour de beaux lendemains sur notre magnifique terre"
"168","","1","fr","Autre","N/A","N/A","N/A","",""
"169","","1","fr","Autre","N/A","N/A","N/A","",""
"170","","1","fr","Autre","N/A","N/A","N/A","",""
"171","","1","fr","Autre","N/A","N/A","N/A","",""
"172","","1","fr","Autre","N/A","N/A","N/A","",""
"173","","1","fr","Autre","N/A","N/A","N/A","",""
"174","","1","fr","Autre","N/A","N/A","N/A","",""
"175","","1","fr","Autre","N/A","N/A","N/A","",""
"176","","1","fr","Autre","N/A","N/A","N/A","",""
"177","","1","fr","Autre","N/A","N/A","N/A","",""
"178","1980-01-01 00:00:00","1","fr","Etudiant","Féminin","Non","Oui","Plaisir (Plaisir / divertissement / joie /euphorie / bonheur /extase)","Les dispositifs loT pourrai s'avérer très utile au sein de nos universités mais il faut bien choisir quels loT mettre en œuvre car à mons avis trop d'appareils connectés  est stressant "
"179","1980-01-01 00:00:00","1","fr","Etudiant","Masculin","Non","Non","Apaisement (Optimisme/Apaisement / soulagement / reconnaissance / pardon / sérénité)","Concernant les émotions sur l'usage des  Dispositifs IoT. Un grd apport pour les profs et étudiants selon le fait que  ,le ours peut être, se derouler régulièrement sans soucis de lumière"
"180","","1","fr","Autre","N/A","N/A","N/A","",""
"181","","1","fr","Autre","N/A","N/A","N/A","",""
"182","","1","fr","Autre","N/A","N/A","N/A","",""
"183","","1","fr","Autre","N/A","N/A","N/A","",""
"184","","1","fr","Autre","N/A","N/A","N/A","",""
"185","","1","fr","Autre","N/A","N/A","N/A","",""
"186","","1","fr","Autre","N/A","N/A","N/A","",""
"187","","1","fr","Autre","N/A","N/A","N/A","",""
"188","","1","fr","Autre","N/A","N/A","N/A","",""
"189","","1","fr","Autre","N/A","N/A","N/A","",""
"190","","1","fr","Autre","N/A","N/A","N/A","",""
"191","","1","fr","Autre","N/A","N/A","N/A","",""
"192","","1","fr","Autre","N/A","N/A","N/A","",""
"193","","1","fr","Autre","N/A","N/A","N/A","",""
"194","1980-01-01 00:00:00","1","fr","Autre","Féminin","Non","Oui","Surprise (Surprise / étonnement)","Je trouve que le monde technologique est passionnant à condition de ne pas le mettre au profit de l être humain 
"
"195","","1","fr","Autre","N/A","N/A","N/A","",""
"196","","1","fr","Autre","N/A","N/A","N/A","",""
"197","","1","fr","Autre","N/A","N/A","N/A","",""
"198","1980-01-01 00:00:00","1","fr","Etudiant","Masculin","Oui","Oui","Aucune","ça suscite pas d'émotion"
"199","","1","fr","Autre","N/A","N/A","N/A","",""
"200","","1","fr","Autre","N/A","N/A","N/A","",""
"201","","1","fr","Autre","N/A","N/A","N/A","",""
"202","1980-01-01 00:00:00","1","fr","Etudiant","Masculin","Oui","Oui","Peur (Peur / terreur / inquiétude / anxiété)","J'ai peur de l'usage que feront les autres mais pas de mon usage personnel de ces objets."
"203","","1","fr","Autre","N/A","N/A","N/A","",""
"204","","1","fr","Autre","N/A","N/A","N/A","",""
"205","","1","fr","Autre","N/A","N/A","N/A","",""
"206","","1","fr","Autre","N/A","N/A","N/A","",""
"207","1980-01-01 00:00:00","1","fr","Autre","Masculin","Oui","Oui","Plaisir (Plaisir / divertissement / joie /euphorie / bonheur /extase)","Possibilité de rendre son environnement plus ergonomique, plus adaptable aux envies/personnes, et divertissant"
"208","1980-01-01 00:00:00","1","fr","Autre","Masculin","Non","Non","Mépris (Mépris / dédain / dégoût / haine/déplaisir/ déception/pessimisme)","je suis ingénieur cyberdéfense et l'IoT est juste un vecteur massif de malware"
"209","","1","fr","Autre","N/A","N/A","N/A","",""
"210","","1","fr","Autre","N/A","N/A","N/A","",""
"211","","1","fr","Autre","N/A","N/A","N/A","",""
"212","","1","fr","Autre","N/A","N/A","N/A","",""
"213","","1","fr","Autre","N/A","N/A","N/A","",""
"214","1980-01-01 00:00:00","1","fr","Autre","Masculin","Non","Oui","Apaisement (Optimisme/Apaisement / soulagement / reconnaissance / pardon / sérénité)","Aide, confort, économies et interaction "
"215","","1","fr","Autre","N/A","N/A","N/A","",""
"216","","1","fr","Autre","N/A","N/A","N/A","",""
"217","","1","fr","Autre","N/A","N/A","N/A","",""
"218","","1","fr","Autre","N/A","N/A","N/A","",""
"219","1980-01-01 00:00:00","1","fr","Autre","Masculin","Non","Oui","Apaisement (Optimisme/Apaisement / soulagement / reconnaissance / pardon / sérénité)","Vive le progrès "
"220","","1","fr","Autre","N/A","N/A","N/A","",""
"221","","1","fr","Autre","N/A","N/A","N/A","",""
"222","","1","fr","Etudiant","Masculin","Non","Oui","Plaisir (Plaisir / divertissement / joie /euphorie / bonheur /extase)",""
"223","1980-01-01 00:00:00","1","fr","Etudiant","Féminin","Oui","Oui","Peur (Peur / terreur / inquiétude / anxiété)","Je suis réticente a l'idée de mettre tous nos données sur le cloud, pour moi la sécurité passe avant le développement technologique."
"224","","1","fr","Autre","N/A","N/A","N/A","",""
"225","1980-01-01 00:00:00","1","fr","Etudiant","Féminin","Non","Oui","Plaisir (Plaisir / divertissement / joie /euphorie / bonheur /extase)","J'ai toujour voulu acheter google home pour ma maison ou bien keyless pour permettre au invités de rentrer à ma maison quand je ne suis pas là et de changer le mot de passe après leurs depart. Je veux aussi lancer ma machine à laver  même si je suis en dehors de lq maison. Je veux eteindre la lumière la nuit sans sortir de mon lit. IoT me permet de faire tous cela et ça me donne de lq joie"
"226","","1","fr","Autre","N/A","N/A","N/A","",""
"227","1980-01-01 00:00:00","1","fr","Personnel","Féminin","Non","Oui","Amour (Amour / tendresse / affection / dévouement / passion / envie / désir)","j'ai besoin de quelqu'un dans la vie qui me permettra de me sentir confiante"
"228","","1","fr","Autre","N/A","N/A","N/A","",""
"229","","1","fr","Autre","N/A","N/A","N/A","",""
"230","1980-01-01 00:00:00","1","fr","Autre","Masculin","Oui","Oui","Peur (Peur / terreur / inquiétude / anxiété)","Ras"
"231","","1","fr","Autre","N/A","N/A","N/A","",""
"232","1980-01-01 00:00:00","1","fr","Etudiant","Féminin","Non","Oui","Plaisir (Plaisir / divertissement / joie /euphorie / bonheur /extase)","it gives the idea that life would be easier "
"233","","1","fr","Autre","N/A","N/A","N/A","",""
"234","","1","fr","Autre","N/A","N/A","N/A","",""
"235","","1","fr","Autre","N/A","N/A","N/A","",""
"236","","1","fr","Autre","N/A","N/A","N/A","",""
"237","","1","fr","Autre","N/A","N/A","N/A","",""
"238","","1","fr","Autre","N/A","N/A","N/A","",""
"239","","1","fr","Autre","N/A","N/A","N/A","",""
"240","","1","fr","Autre","N/A","N/A","N/A","",""
"241","1980-01-01 00:00:00","1","fr","Autre","Masculin","Non","Oui","Aucune","none "
"242","","1","fr","Autre","N/A","N/A","N/A","",""
"243","1980-01-01 00:00:00","1","fr","Autre","Féminin","Non","Oui","Apaisement (Optimisme/Apaisement / soulagement / reconnaissance / pardon / sérénité)","c'est trés bénéfique"
"244","","1","fr","Autre","N/A","N/A","N/A","",""
"245","","1","fr","Autre","N/A","N/A","N/A","",""
"246","","1","fr","Etudiant","Féminin","Non","Non","Peur (Peur / terreur / inquiétude / anxiété)",""
"247","","1","fr","Autre","N/A","N/A","N/A","",""
"248","","1","fr","Autre","N/A","N/A","N/A","",""
"249","","1","fr","Autre","N/A","N/A","N/A","",""
"250","1980-01-01 00:00:00","1","fr","Etudiant","Masculin","Non","Oui","Plaisir (Plaisir / divertissement / joie /euphorie / bonheur /extase)","tous ce que améliorer l’expérience de vie et faciliter le quotidien est le bienvenu du moment que ça ne nuit pas à la vie personnelle des gens "
"251","1980-01-01 00:00:00","1","fr","Etudiant","Masculin","Non","Oui","Apaisement (Optimisme/Apaisement / soulagement / reconnaissance / pardon / sérénité)","ca simplifie la vie ! elle aide les etudiants dans leur travail  ,elle diminue la charge et meme met un espace agreable  , c'est lere de la technologie et c le temps pour l'utiliser dans tous les domaines de notre vie , je suis totalement d'accord avec lusage des dispositive iot "
"252","","1","fr","Autre","N/A","N/A","N/A","",""
"253","1980-01-01 00:00:00","1","fr","Etudiant","Masculin","Non","Oui","Surprise (Surprise / étonnement)","Nous sommes toujours entourés par l'IoT, que nous le sachions ou pas, et je suis toujours surpris par de nouvelles utilisations inédites de l'IoT. Car cette technologie a des le potentiel d'avoir des répercussions énormes sur notre mode de vie dans le futur proche. Je suis pour l'utilisation de l'IoT où son utilisation a lieu, où elle donne un plus tangible. Je n'approuve pas en l'implication ""forcée"" de l'IoT dans tout et n'importe quoi. Ça deviendrait alors une perte de temps et d’énergie. Exemple de bonne utilisation: Extinction des lumières lorsque la salle est vide. Mauvaise utilisation: Poubelle qui s'ouvre et se ferme lorsque qu'elle détecte une personne qui vient l'utiliser."
"254","","1","fr","Autre","N/A","N/A","N/A","",""
"255","1980-01-01 00:00:00","1","fr","Autre","Féminin","Non","Oui","Plaisir (Plaisir / divertissement / joie /euphorie / bonheur /extase)"," "
"256","","1","fr","Personnel","Masculin","Non","Oui","Apaisement (Optimisme/Apaisement / soulagement / reconnaissance / pardon / sérénité)",""
"257","1980-01-01 00:00:00","1","fr","Etudiant","Masculin","Non","Oui","Peur (Peur / terreur / inquiétude / anxiété)","La vie est simple donc ca peut parfois compliquer l’existence et on sentira pas la beauté de la vie"
"258","1980-01-01 00:00:00","1","fr","Etudiant","Masculin","Oui","Oui","Plaisir (Plaisir / divertissement / joie /euphorie / bonheur /extase)","ça améliore et facilite le quotidien "
"259","1980-01-01 00:00:00","1","fr","Etudiant","Féminin","Oui","Oui","Peur (Peur / terreur / inquiétude / anxiété)","Utiliser les objets connectés est excitant car j'ai envie de découvrir de nouvelles choses et comment ça marche, mais, en même temps ça me fait peur, de ne pas savoir s tous ses avantages et ses  inconvénients,  donc à long terme je me demande comment ça va impacter ma vie quotidienne, est il bénéfique pour toujours ou ça peut me nuire après ?, tous ces questions qui me laisse embarrassante face à ces nouvelles tech.  "
"260","1980-01-01 00:00:00","1","fr","Etudiant","Féminin","Non","Oui","Apaisement (Optimisme/Apaisement / soulagement / reconnaissance / pardon / sérénité)","Les IoT de base sont fait pour capturer des données sur l'environnement ou quoi que ce soit d'autre dans le but d'analyser plus tard ces données et améliorer ou mieux contrôler la consommation d'énergie par exemple.Vu l'importance que les IoT ont dans notre société actuelle et le potentiel qu'on peut se procurer avec, je ne peux qu'être d'accord et pour la popularisation en masse des IoT néanmoins la question de sécurité des données personnelles ou autres doivent être bien prises en compte et non oubliée au profit de l'argent ou n'importe quelle autre motivation."
"261","","1","fr","Autre","N/A","N/A","N/A","",""
"262","","1","fr","Autre","N/A","N/A","N/A","",""
"263","","1","fr","Autre","N/A","N/A","N/A","",""
"264","","1","fr","Autre","N/A","N/A","N/A","",""
"265","","1","fr","Autre","N/A","N/A","N/A","",""
"266","1980-01-01 00:00:00","1","fr","Autre","Masculin","Non","Oui","Plaisir (Plaisir / divertissement / joie /euphorie / bonheur /extase)","L'usage de Iot facilite la vie quotidienne "
"267","","1","fr","Autre","N/A","N/A","N/A","",""
"268","","1","fr","Autre","N/A","N/A","N/A","",""
"269","","1","fr","Autre","N/A","N/A","N/A","",""
"270","","1","fr","Autre","N/A","N/A","N/A","",""
"271","1980-01-01 00:00:00","1","fr","Etudiant","Masculin","Non","Oui","Plaisir (Plaisir / divertissement / joie /euphorie / bonheur /extase)","je crois que l'utilisation des technologies IoT dans notre vie va exploiter beaucoup plus nos informations personnelles et ça c'est un peu inquiétant par contre ça va beaucoup faciliter la vie des gens, connecter plus les gens, rendre les machines beaucoup plus répondantes aux humains et ça c'est quelque chose de vraiment bien, même d'ailleurs excellent "
"272","1980-01-01 00:00:00","1","fr","Etudiant","Masculin","Non","Oui","Apaisement (Optimisme/Apaisement / soulagement / reconnaissance / pardon / sérénité)","- Les IoTs facilitent notre vie quotidienne
- ils nous accompagnent partout grâce à l'internet
- le niveau de fiabilité des informations qu'ils nous communiquent est assez acceptable aujourd'hui
"
"273","1980-01-01 00:00:00","1","fr","Etudiant","Féminin","Oui","Oui","Plaisir (Plaisir / divertissement / joie /euphorie / bonheur /extase)","."
"274","1980-01-01 00:00:00","1","fr","Etudiant","Masculin","Non","Oui","Apaisement (Optimisme/Apaisement / soulagement / reconnaissance / pardon / sérénité)","Là où j'étudie, à part le smartphone, je ne vois pas de dispositifs IoT"
"275","","1","fr","Autre","N/A","N/A","N/A","",""
"276","","1","fr","Etudiant","Masculin","Non","Oui","Plaisir (Plaisir / divertissement / joie /euphorie / bonheur /extase)",""
"277","","1","fr","Autre","N/A","N/A","N/A","",""
"278","","1","fr","Autre","N/A","N/A","N/A","",""
"279","","1","fr","Autre","N/A","N/A","N/A","",""
"280","","1","fr","Autre","N/A","N/A","N/A","",""
"281","","1","fr","Autre","N/A","N/A","N/A","",""
"282","1980-01-01 00:00:00","1","fr","Etudiant","Féminin","Non","Oui","Apaisement (Optimisme/Apaisement / soulagement / reconnaissance / pardon / sérénité)","Les IOT sert à faciliter la vie quotidienne donc je suis pour l'utilisation de IOT "
"283","","1","fr","Autre","N/A","N/A","N/A","",""
"284","","1","fr","Autre","N/A","N/A","N/A","",""
"285","","1","fr","Autre","N/A","N/A","N/A","",""
"286","","1","fr","Autre","N/A","N/A","N/A","",""
"287","","1","fr","Autre","N/A","N/A","N/A","",""
"288","1980-01-01 00:00:00","1","fr","Etudiant","Masculin","Oui","Oui","Plaisir (Plaisir / divertissement / joie /euphorie / bonheur /extase)","Je suis heureux de voir un campus intelligent et connecté qui permet d'économiser l'énergie et détecter les problèmes "
"289","","1","fr","Autre","N/A","N/A","N/A","",""
"290","","1","fr","Autre","N/A","N/A","N/A","",""
"291","","1","fr","Autre","N/A","N/A","N/A","",""
"292","","1","fr","Autre","N/A","N/A","N/A","",""
"293","","1","fr","Autre","N/A","N/A","N/A","",""
"294","","1","fr","Autre","N/A","N/A","N/A","",""
"295","","1","fr","Autre","N/A","N/A","N/A","",""
"296","1980-01-01 00:00:00","1","fr","Autre","Féminin","Non","Oui","Apaisement (Optimisme/Apaisement / soulagement / reconnaissance / pardon / sérénité)","ça permet de simplifier et faciliter la vie tout simplement. De plus elle peut apporter une certaine sécurité aux gens"
"297","","1","fr","Autre","N/A","N/A","N/A","",""
"298","","1","fr","Autre","N/A","N/A","N/A","",""
"299","","1","fr","Autre","N/A","N/A","N/A","",""
"300","","1","fr","Autre","N/A","N/A","N/A","",""
"301","","1","fr","Autre","N/A","N/A","N/A","",""
"302","1980-01-01 00:00:00","1","fr","Autre","Masculin","Non","Oui","Plaisir (Plaisir / divertissement / joie /euphorie / bonheur /extase)","sqsfqsdf"
"303","1980-01-01 00:00:00","1","fr","Etudiant","Masculin","Non","Oui","","Rien"
"304","","1","fr","Personnel","Masculin","Oui","Oui","Plaisir (Plaisir / divertissement / joie /euphorie / bonheur /extase)",""
"305","","1","fr","Autre","N/A","N/A","N/A","",""
"306","","1","fr","Autre","N/A","N/A","N/A","",""
"307","1980-01-01 00:00:00","1","fr","Personnel","Masculin","Non","Oui","Plaisir (Plaisir / divertissement / joie /euphorie / bonheur /extase)","Contrôler l'énergie, c'est contrôler les ressources de cette énergie. Qui implique la diminution de la pollution  "
"308","","1","fr","Autre","N/A","N/A","N/A","",""
"309","","1","fr","Etudiant","Masculin","Non","Non","",""
"310","1980-01-01 00:00:00","1","fr","Autre","Féminin","Non","Oui","Peur (Peur / terreur / inquiétude / anxiété)","Je ne fais pas confiance, puisque le but principal, je crois, est le contrôle et l'extraction d'information. Je suis totalement contre"
"311","","1","fr","Autre","N/A","N/A","N/A","",""
"312","","1","fr","Autre","N/A","N/A","N/A","",""
"313","","1","fr","Autre","N/A","N/A","N/A","",""
"314","1980-01-01 00:00:00","1","fr","Autre","Masculin","Non","Oui","Aucune","Pas  d'expérience sur les IOT"
"315","","1","fr","Autre","N/A","N/A","N/A","",""
"316","1980-01-01 00:00:00","1","fr","Autre","Masculin","Non","Oui","Peur (Peur / terreur / inquiétude / anxiété)","Sécurité des données collectées"
"317","1980-01-01 00:00:00","1","fr","Autre","Masculin","Non","Oui","Amour (Amour / tendresse / affection / dévouement / passion / envie / désir)","ils peuvent nous etre utiles très utiles :-)"
"318","","1","fr","Autre","N/A","N/A","N/A","",""
"319","","1","fr","","Féminin","Non","Oui","Apaisement (Optimisme/Apaisement / soulagement / reconnaissance / pardon / sérénité)",""
"320","","1","fr","Autre","N/A","N/A","N/A","",""
"321","1980-01-01 00:00:00","1","fr","Etudiant","Masculin","Non","Oui","Plaisir (Plaisir / divertissement / joie /euphorie / bonheur /extase)","je pense que l'usage de IoT nous facilitera la vie"
"322","","1","fr","Autre","N/A","N/A","N/A","",""
"323","","1","fr","Autre","N/A","N/A","N/A","",""
"324","","1","fr","Autre","N/A","N/A","N/A","",""
"325","","1","fr","Autre","N/A","N/A","N/A","",""
"326","1980-01-01 00:00:00","1","fr","Etudiant","Masculin","Non","Non","Peur (Peur / terreur / inquiétude / anxiété)","."
"327","","1","fr","Autre","N/A","N/A","N/A","",""
"328","1980-01-01 00:00:00","1","fr","Etudiant","Féminin","Non","Non","Peur (Peur / terreur / inquiétude / anxiété)","Perte d'autonomie "
"329","1980-01-01 00:00:00","1","fr","Autre","Féminin","Non","Oui","Surprise (Surprise / étonnement)","Pour moi ces objets seront un nouveau pas vers un futur développé semblable a celui qu'on voit dans les films"
"330","","1","fr","Autre","N/A","N/A","N/A","",""
"331","","1","fr","Autre","N/A","N/A","N/A","",""
"332","","1","fr","Autre","N/A","N/A","N/A","",""
"333","","1","fr","Autre","N/A","N/A","N/A","",""
"334","","1","fr","Autre","N/A","N/A","N/A","",""
"335","1980-01-01 00:00:00","1","fr","","Masculin","Non","Non","Aucune","????"
"336","","1","fr","Autre","N/A","N/A","N/A","",""
"337","","1","fr","Autre","N/A","N/A","N/A","",""
"338","1980-01-01 00:00:00","1","fr","Etudiant","Féminin","Oui","Oui","","Il faut que ça soit mieux contrôlé"
"339","","1","fr","Autre","N/A","N/A","N/A","",""
"340","","1","fr","Autre","N/A","N/A","N/A","",""
"341","","1","fr","Autre","N/A","N/A","N/A","",""
"343","","1","fr","Autre","N/A","N/A","N/A","",""
"344","","1","fr","Autre","N/A","N/A","N/A","",""
"345","","1","fr","Etudiant","Masculin","Oui","Oui","",""
"346","","1","fr","Autre","N/A","N/A","N/A","",""
"347","","1","fr","Autre","N/A","N/A","N/A","",""
"348","","1","fr","Autre","N/A","N/A","N/A","",""
"349","","1","fr","Autre","N/A","N/A","N/A","",""
"350","1980-01-01 00:00:00","1","fr","Etudiant","Masculin","Non","Oui","Plaisir (Plaisir / divertissement / joie /euphorie / bonheur /extase)","Ça facilite la vie de certaines personnes les handicapés par exemple "
"351","1980-01-01 00:00:00","1","fr","Etudiant","Masculin","Non","Oui","","Je ne sais pas exactement s'il y a une relation entre la technologie et les émotions ! mais je pense que une salle avec des capteurs va amélioré la qualité de déroulement de cours ! je suis avec ça, mais j'ai aucune sentiment sur ça !! "
"352","","1","fr","Autre","N/A","N/A","N/A","",""
"353","","1","fr","Autre","N/A","N/A","N/A","",""
"354","","1","fr","Autre","N/A","N/A","N/A","",""
"355","","1","fr","Autre","Masculin","Oui","Oui","",""
"356","","1","fr","Autre","N/A","N/A","N/A","",""
"357","1980-01-01 00:00:00","1","fr","Personnel","Masculin","Non","Oui","Plaisir (Plaisir / divertissement / joie /euphorie / bonheur /extase)","on a besoin des dispositifs inélégantes pour facilité notre vie quotidienne et pour gagner du temps et d'Energie "
"358","","1","fr","Autre","N/A","N/A","N/A","",""
"359","","1","fr","Autre","N/A","N/A","N/A","",""
"360","","1","fr","Autre","N/A","N/A","N/A","",""
"361","1980-01-01 00:00:00","1","fr","Etudiant","Féminin","Oui","Oui","Plaisir (Plaisir / divertissement / joie /euphorie / bonheur /extase)","L'internet des Objets permet de faciliter notre vie quotidienne,, que ce soit dans le domaine domotique ou médicale ou autre. C'est donc avec plaisir que j'utiliserai des objets IdO qui me permettent de faire  moins d'efforts pour établir mes taches du quotidien"
"362","","1","fr","Autre","N/A","N/A","N/A","",""
"363","","1","fr","Autre","N/A","N/A","N/A","",""
"364","1980-01-01 00:00:00","1","fr","Personnel","Masculin","Non","Oui","Plaisir (Plaisir / divertissement / joie /euphorie / bonheur /extase)","                                                  




"
"365","","1","fr","Autre","N/A","N/A","N/A","",""
"366","","1","fr","Autre","N/A","N/A","N/A","",""
"367","","1","fr","Autre","N/A","N/A","N/A","",""
"368","","1","fr","Autre","N/A","N/A","N/A","",""
"369","","1","fr","Autre","N/A","N/A","N/A","",""
"370","","1","fr","Autre","Féminin","Non","Oui","Plaisir (Plaisir / divertissement / joie /euphorie / bonheur /extase)",""
"371","","1","fr","Autre","N/A","N/A","N/A","",""
"372","","1","fr","Autre","N/A","N/A","N/A","",""
"373","","1","fr","Autre","N/A","N/A","N/A","",""
"374","1980-01-01 00:00:00","1","fr","Etudiant","Féminin","Non","Oui","Apaisement (Optimisme/Apaisement / soulagement / reconnaissance / pardon / sérénité)","Je trouve que les IoT ont un impact positive sur l'être humain et qu'ils nous aident à améliorer la vie quotidienne et par conséquent plus d'optimisme"
"375","1980-01-01 00:00:00","1","fr","Autre","Féminin","Oui","Oui","Plaisir (Plaisir / divertissement / joie /euphorie / bonheur /extase)","juste comme ça"
"376","","1","fr","Autre","N/A","N/A","N/A","",""
"377","1980-01-01 00:00:00","1","fr","Etudiant","Féminin","Non","Oui","Apaisement (Optimisme/Apaisement / soulagement / reconnaissance / pardon / sérénité)","Moins de soucis, sécurité dans certains cas "
"378","","1","fr","Autre","N/A","N/A","N/A","",""
"379","","1","fr","Autre","N/A","N/A","N/A","",""
"380","","1","fr","Autre","N/A","N/A","N/A","",""
"381","","1","fr","Autre","N/A","N/A","N/A","",""
"382","","1","fr","Autre","N/A","N/A","N/A","",""
"383","","1","fr","Autre","N/A","N/A","N/A","",""
"384","","1","fr","Autre","N/A","N/A","N/A","",""
"385","","1","fr","Autre","N/A","N/A","N/A","",""
"386","","1","fr","Autre","N/A","N/A","N/A","",""
"387","","1","fr","Autre","N/A","N/A","N/A","",""
"388","","1","fr","Autre","N/A","N/A","N/A","",""
"389","","1","fr","Autre","Masculin","Non","Oui","Peur (Peur / terreur / inquiétude / anxiété)",""
"390","","1","fr","Autre","N/A","N/A","N/A","",""
"391","","1","fr","Autre","N/A","N/A","N/A","",""
"392","","1","fr","Autre","N/A","N/A","N/A","",""
"393","","1","fr","Autre","N/A","N/A","N/A","",""
"394","","1","fr","Autre","N/A","N/A","N/A","",""
"395","","1","fr","Autre","N/A","N/A","N/A","",""
"396","","1","fr","Autre","N/A","N/A","N/A","",""
"397","","1","fr","Autre","N/A","N/A","N/A","",""
"398","1980-01-01 00:00:00","1","fr","Etudiant","Masculin","Non","Oui","Plaisir (Plaisir / divertissement / joie /euphorie / bonheur /extase)","car c'est un outil qui permet d'avoir plus de control et de maitrise "
"399","","1","fr","Autre","N/A","N/A","N/A","",""
"400","","1","fr","Autre","N/A","N/A","N/A","",""
"401","","1","fr","Autre","N/A","N/A","N/A","",""
"402","1980-01-01 00:00:00","1","fr","Etudiant","Masculin","Non","Non","Surprise (Surprise / étonnement)","En fait, je pense que l'homme devient paresseux et faible avec tous ces robots"
"403","","1","fr","Autre","N/A","N/A","N/A","",""
"404","","1","fr","Autre","N/A","N/A","N/A","",""
"405","1980-01-01 00:00:00","1","fr","Etudiant","Masculin","Non","Oui","","."
"406","","1","fr","Autre","N/A","N/A","N/A","",""
"407","","1","fr","Autre","N/A","N/A","N/A","",""
"408","","1","fr","Autre","N/A","N/A","N/A","",""
"409","","1","fr","Autre","N/A","N/A","N/A","",""

